Tube,Treatment,Rep,Day,No_worms,Block,Population
1,DR,1,7,11,1,1
2,DR,1,7,1,1,2
3,FO,1,7,35,1,3
4,FO,1,7,10,1,4
5,FO,1,7,5,1,5
6,FO,1,7,15,1,6
7,DRO,1,7,22,1,7
8,F,1,7,37,1,8
9,DRO,1,7,34,1,9
10,DR,1,7,2,1,10
11,DRO,1,7,18,1,11
12,DR,1,7,8,1,12
13,DRO,1,7,0,1,13
14,F,1,7,3,1,14
15,F,1,7,6,1,15
16,F,1,7,8,1,16
17,F,1,7,2,1,17
18,FO,1,7,0,1,18
19,DR,1,7,0,1,19
20,DRO,1,7,19,1,20
21,FO,1,7,63,1,21
22,F,1,7,3,1,22
23,DRO,1,7,55,1,23
24,DR,1,7,17,1,24
25,DRO,1,7,4,1,25
26,DRO,1,7,7,1,26
27,FO,1,7,23,1,27
28,DRO,1,7,0,1,28
29,DR,1,7,0,1,29
30,F,1,7,61,1,30
31,DR,1,7,11,1,31
32,F,1,7,58,1,32
33,F,1,7,40,1,33
34,DRO,1,7,24,1,34
35,FO,1,7,1,1,35
36,DR,1,7,0,1,36
37,FO,1,7,6,1,37
38,FO,1,7,0,1,38
39,DRO,1,7,8,1,39
40,DR,1,7,8,1,40
1,DR,2,7,12,1,1
2,DR,2,7,1,1,2
3,FO,2,7,31,1,3
4,FO,2,7,19,1,4
5,FO,2,7,4,1,5
6,FO,2,7,16,1,6
7,DRO,2,7,13,1,7
8,F,2,7,42,1,8
9,DRO,2,7,22,1,9
10,DR,2,7,3,1,10
11,DRO,2,7,3,1,11
12,DR,2,7,10,1,12
13,DRO,2,7,2,1,13
14,F,2,7,2,1,14
15,F,2,7,4,1,15
16,F,2,7,8,1,16
17,F,2,7,0,1,17
18,FO,2,7,0,1,18
19,DR,2,7,2,1,19
20,DRO,2,7,18,1,20
21,FO,2,7,64,1,21
22,F,2,7,0,1,22
23,DRO,2,7,43,1,23
24,DR,2,7,12,1,24
25,DRO,2,7,3,1,25
26,DRO,2,7,5,1,26
27,FO,2,7,20,1,27
28,DRO,2,7,3,1,28
29,DR,2,7,2,1,29
30,F,2,7,72,1,30
31,DR,2,7,12,1,31
32,F,2,7,48,1,32
33,F,2,7,55,1,33
34,DRO,2,7,32,1,34
35,FO,2,7,0,1,35
36,DR,2,7,1,1,36
37,FO,2,7,5,1,37
38,FO,2,7,1,1,38
39,DRO,2,7,13,1,39
40,DR,2,7,8,1,40
1,DR,3,7,28,1,1
2,DR,3,7,2,1,2
3,FO,3,7,54,1,3
4,FO,3,7,9,1,4
5,FO,3,7,1,1,5
6,FO,3,7,7,1,6
7,DRO,3,7,17,1,7
8,F,3,7,34,1,8
9,DRO,3,7,23,1,9
10,DR,3,7,0,1,10
11,DRO,3,7,9,1,11
12,DR,3,7,14,1,12
13,DRO,3,7,0,1,13
14,F,3,7,3,1,14
15,F,3,7,9,1,15
16,F,3,7,6,1,16
17,F,3,7,4,1,17
18,FO,3,7,0,1,18
19,DR,3,7,0,1,19
20,DRO,3,7,15,1,20
21,FO,3,7,25,1,21
22,F,3,7,0,1,22
23,DRO,3,7,36,1,23
24,DR,3,7,20,1,24
25,DRO,3,7,6,1,25
26,DRO,3,7,10,1,26
27,FO,3,7,15,1,27
28,DRO,3,7,0,1,28
29,DR,3,7,2,1,29
30,F,3,7,53,1,30
31,DR,3,7,25,1,31
32,F,3,7,47,1,32
33,F,3,7,36,1,33
34,DRO,3,7,33,1,34
35,FO,3,7,0,1,35
36,DR,3,7,2,1,36
37,FO,3,7,3,1,37
38,FO,3,7,0,1,38
39,DRO,3,7,9,1,39
40,DR,3,7,8,1,40
1,DR,4,7,8,1,1
2,DR,4,7,0,1,2
3,FO,4,7,50,1,3
4,FO,4,7,12,1,4
5,FO,4,7,6,1,5
6,FO,4,7,16,1,6
7,DRO,4,7,34,1,7
8,F,4,7,45,1,8
9,DRO,4,7,46,1,9
10,DR,4,7,2,1,10
11,DRO,4,7,3,1,11
12,DR,4,7,12,1,12
13,DRO,4,7,0,1,13
14,F,4,7,1,1,14
15,F,4,7,4,1,15
16,F,4,7,6,1,16
17,F,4,7,4,1,17
18,FO,4,7,1,1,18
19,DR,4,7,0,1,19
20,DRO,4,7,25,1,20
21,FO,4,7,31,1,21
22,F,4,7,0,1,22
23,DRO,4,7,35,1,23
24,DR,4,7,19,1,24
25,DRO,4,7,8,1,25
26,DRO,4,7,9,1,26
27,FO,4,7,22,1,27
28,DRO,4,7,0,1,28
29,DR,4,7,1,1,29
30,F,4,7,69,1,30
31,DR,4,7,16,1,31
32,F,4,7,51,1,32
33,F,4,7,22,1,33
34,DRO,4,7,28,1,34
35,FO,4,7,0,1,35
36,DR,4,7,6,1,36
37,FO,4,7,7,1,37
38,FO,4,7,0,1,38
39,DRO,4,7,11,1,39
40,DR,4,7,11,1,40
1,DR,5,7,10,1,1
2,DR,5,7,2,1,2
3,FO,5,7,62,1,3
4,FO,5,7,20,1,4
5,FO,5,7,8,1,5
6,FO,5,7,16,1,6
7,DRO,5,7,24,1,7
8,F,5,7,48,1,8
9,DRO,5,7,53,1,9
10,DR,5,7,7,1,10
11,DRO,5,7,15,1,11
12,DR,5,7,14,1,12
13,DRO,5,7,0,1,13
14,F,5,7,1,1,14
15,F,5,7,8,1,15
16,F,5,7,5,1,16
17,F,5,7,5,1,17
18,FO,5,7,0,1,18
19,DR,5,7,1,1,19
20,DRO,5,7,26,1,20
21,FO,5,7,58,1,21
22,F,5,7,1,1,22
23,DRO,5,7,36,1,23
24,DR,5,7,16,1,24
25,DRO,5,7,10,1,25
26,DRO,5,7,8,1,26
27,FO,5,7,28,1,27
28,DRO,5,7,0,1,28
29,DR,5,7,1,1,29
30,F,5,7,54,1,30
31,DR,5,7,14,1,31
32,F,5,7,42,1,32
33,F,5,7,34,1,33
34,DRO,5,7,24,1,34
35,FO,5,7,0,1,35
36,DR,5,7,0,1,36
37,FO,5,7,10,1,37
38,FO,5,7,0,1,38
39,DRO,5,7,8,1,39
40,DR,5,7,17,1,40
1,DR,6,7,15,1,1
2,DR,6,7,5,1,2
3,FO,6,7,55,1,3
4,FO,6,7,7,1,4
5,FO,6,7,5,1,5
6,FO,6,7,20,1,6
7,DRO,6,7,24,1,7
8,F,6,7,39,1,8
9,DRO,6,7,43,1,9
10,DR,6,7,4,1,10
11,DRO,6,7,9,1,11
12,DR,6,7,5,1,12
13,DRO,6,7,0,1,13
14,F,6,7,6,1,14
15,F,6,7,9,1,15
16,F,6,7,14,1,16
17,F,6,7,4,1,17
18,FO,6,7,1,1,18
19,DR,6,7,1,1,19
20,DRO,6,7,27,1,20
21,FO,6,7,65,1,21
22,F,6,7,1,1,22
23,DRO,6,7,36,1,23
24,DR,6,7,21,1,24
25,DRO,6,7,7,1,25
26,DRO,6,7,6,1,26
27,FO,6,7,22,1,27
28,DRO,6,7,0,1,28
29,DR,6,7,0,1,29
30,F,6,7,39,1,30
31,DR,6,7,21,1,31
32,F,6,7,37,1,32
33,F,6,7,28,1,33
34,DRO,6,7,27,1,34
35,FO,6,7,1,1,35
36,DR,6,7,2,1,36
37,FO,6,7,13,1,37
38,FO,6,7,0,1,38
39,DRO,6,7,7,1,39
40,DR,6,7,14,1,40
1,DR,1,14,43,1,1
2,DR,1,14,165,1,2
3,FO,1,14,95,1,3
4,FO,1,14,48,1,4
5,FO,1,14,28,1,5
6,FO,1,14,60,1,6
7,DRO,1,14,208,1,7
8,F,1,14,143,1,8
9,DRO,1,14,396,1,9
10,DR,1,14,272,1,10
11,DRO,1,14,76,1,11
12,DR,1,14,157,1,12
13,DRO,1,14,18,1,13
14,F,1,14,65,1,14
15,F,1,14,57,1,15
16,F,1,14,34,1,16
17,F,1,14,97,1,17
18,FO,1,14,24,1,18
19,DR,1,14,1,1,19
20,DRO,1,14,56,1,20
21,FO,1,14,158,1,21
22,F,1,14,43,1,22
23,DRO,1,14,86,1,23
24,DR,1,14,48,1,24
25,DRO,1,14,59,1,25
26,DRO,1,14,113,1,26
27,FO,1,14,49,1,27
28,DRO,1,14,7,1,28
29,DR,1,14,60,1,29
30,F,1,14,63,1,30
31,DR,1,14,55,1,31
32,F,1,14,41,1,32
33,F,1,14,101,1,33
34,DRO,1,14,115,1,34
35,FO,1,14,73,1,35
36,DR,1,14,234,1,36
37,FO,1,14,123,1,37
38,FO,1,14,120,1,38
39,DRO,1,14,275,1,39
40,DR,1,14,11,1,40
1,DR,2,14,34,1,1
2,DR,2,14,136,1,2
3,FO,2,14,80,1,3
4,FO,2,14,80,1,4
5,FO,2,14,16,1,5
6,FO,2,14,31,1,6
7,DRO,2,14,48,1,7
8,F,2,14,161,1,8
9,DRO,2,14,481,1,9
10,DR,2,14,311,1,10
11,DRO,2,14,83,1,11
12,DR,2,14,147,1,12
13,DRO,2,14,17,1,13
14,F,2,14,93,1,14
15,F,2,14,41,1,15
16,F,2,14,23,1,16
17,F,2,14,115,1,17
18,FO,2,14,9,1,18
19,DR,2,14,7,1,19
20,DRO,2,14,77,1,20
21,FO,2,14,170,1,21
22,F,2,14,84,1,22
23,DRO,2,14,85,1,23
24,DR,2,14,46,1,24
25,DRO,2,14,70,1,25
26,DRO,2,14,105,1,26
27,FO,2,14,51,1,27
28,DRO,2,14,54,1,28
29,DR,2,14,64,1,29
30,F,2,14,63,1,30
31,DR,2,14,74,1,31
32,F,2,14,53,1,32
33,F,2,14,108,1,33
34,DRO,2,14,136,1,34
35,FO,2,14,21,1,35
36,DR,2,14,109,1,36
37,FO,2,14,135,1,37
38,FO,2,14,117,1,38
39,DRO,2,14,166,1,39
40,DR,2,14,14,1,40
1,DR,3,14,31,1,1
2,DR,3,14,160,1,2
3,FO,3,14,96,1,3
4,FO,3,14,51,1,4
5,FO,3,14,15,1,5
6,FO,3,14,45,1,6
7,DRO,3,14,160,1,7
8,F,3,14,162,1,8
9,DRO,3,14,450,1,9
10,DR,3,14,255,1,10
11,DRO,3,14,61,1,11
12,DR,3,14,157,1,12
13,DRO,3,14,10,1,13
14,F,3,14,124,1,14
15,F,3,14,40,1,15
16,F,3,14,25,1,16
17,F,3,14,53,1,17
18,FO,3,14,18,1,18
19,DR,3,14,6,1,19
20,DRO,3,14,66,1,20
21,FO,3,14,165,1,21
22,F,3,14,65,1,22
23,DRO,3,14,102,1,23
24,DR,3,14,56,1,24
25,DRO,3,14,65,1,25
26,DRO,3,14,108,1,26
27,FO,3,14,36,1,27
28,DRO,3,14,7,1,28
29,DR,3,14,68,1,29
30,F,3,14,80,1,30
31,DR,3,14,95,1,31
32,F,3,14,51,1,32
33,F,3,14,96,1,33
34,DRO,3,14,154,1,34
35,FO,3,14,69,1,35
36,DR,3,14,239,1,36
37,FO,3,14,194,1,37
38,FO,3,14,138,1,38
39,DRO,3,14,208,1,39
40,DR,3,14,5,1,40
1,DR,4,14,31,1,1
2,DR,4,14,161,1,2
3,FO,4,14,82,1,3
4,FO,4,14,20,1,4
5,FO,4,14,16,1,5
6,FO,4,14,69,1,6
7,DRO,4,14,239,1,7
8,F,4,14,136,1,8
9,DRO,4,14,433,1,9
10,DR,4,14,279,1,10
11,DRO,4,14,113,1,11
12,DR,4,14,179,1,12
13,DRO,4,14,11,1,13
14,F,4,14,96,1,14
15,F,4,14,71,1,15
16,F,4,14,41,1,16
17,F,4,14,200,1,17
18,FO,4,14,9,1,18
19,DR,4,14,8,1,19
20,DRO,4,14,84,1,20
21,FO,4,14,190,1,21
22,F,4,14,88,1,22
23,DRO,4,14,76,1,23
24,DR,4,14,51,1,24
25,DRO,4,14,83,1,25
26,DRO,4,14,110,1,26
27,FO,4,14,46,1,27
28,DRO,4,14,4,1,28
29,DR,4,14,57,1,29
30,F,4,14,65,1,30
31,DR,4,14,72,1,31
32,F,4,14,52,1,32
33,F,4,14,99,1,33
34,DRO,4,14,118,1,34
35,FO,4,14,63,1,35
36,DR,4,14,211,1,36
37,FO,4,14,125,1,37
38,FO,4,14,137,1,38
39,DRO,4,14,298,1,39
40,DR,4,14,16,1,40
1,DR,5,14,41,1,1
2,DR,5,14,169,1,2
3,FO,5,14,111,1,3
4,FO,5,14,33,1,4
5,FO,5,14,22,1,5
6,FO,5,14,44,1,6
7,DRO,5,14,206,1,7
8,F,5,14,151,1,8
9,DRO,5,14,496,1,9
10,DR,5,14,386,1,10
11,DRO,5,14,76,1,11
12,DR,5,14,165,1,12
13,DRO,5,14,13,1,13
14,F,5,14,53,1,14
15,F,5,14,63,1,15
16,F,5,14,40,1,16
17,F,5,14,166,1,17
18,FO,5,14,12,1,18
19,DR,5,14,15,1,19
20,DRO,5,14,83,1,20
21,FO,5,14,217,1,21
22,F,5,14,81,1,22
23,DRO,5,14,79,1,23
24,DR,5,14,45,1,24
25,DRO,5,14,103,1,25
26,DRO,5,14,111,1,26
27,FO,5,14,40,1,27
28,DRO,5,14,10,1,28
29,DR,5,14,71,1,29
30,F,5,14,50,1,30
31,DR,5,14,57,1,31
32,F,5,14,60,1,32
33,F,5,14,105,1,33
34,DRO,5,14,114,1,34
35,FO,5,14,72,1,35
36,DR,5,14,194,1,36
37,FO,5,14,126,1,37
38,FO,5,14,153,1,38
39,DRO,5,14,397,1,39
40,DR,5,14,16,1,40
1,DR,6,14,36,1,1
2,DR,6,14,174,1,2
3,FO,6,14,96,1,3
4,FO,6,14,36,1,4
5,FO,6,14,31,1,5
6,FO,6,14,37,1,6
7,DRO,6,14,204,1,7
8,F,6,14,138,1,8
9,DRO,6,14,443,1,9
10,DR,6,14,359,1,10
11,DRO,6,14,101,1,11
12,DR,6,14,132,1,12
13,DRO,6,14,16,1,13
14,F,6,14,80,1,14
15,F,6,14,59,1,15
16,F,6,14,40,1,16
17,F,6,14,195,1,17
18,FO,6,14,15,1,18
19,DR,6,14,23,1,19
20,DRO,6,14,77,1,20
21,FO,6,14,165,1,21
22,F,6,14,59,1,22
23,DRO,6,14,74,1,23
24,DR,6,14,46,1,24
25,DRO,6,14,70,1,25
26,DRO,6,14,93,1,26
27,FO,6,14,56,1,27
28,DRO,6,14,7,1,28
29,DR,6,14,76,1,29
30,F,6,14,51,1,30
31,DR,6,14,48,1,31
32,F,6,14,57,1,32
33,F,6,14,103,1,33
34,DRO,6,14,134,1,34
35,FO,6,14,61,1,35
36,DR,6,14,174,1,36
37,FO,6,14,142,1,37
38,FO,6,14,109,1,38
39,DRO,6,14,351,1,39
40,DR,6,14,21,1,40
1,DR,1,21,42,1,1
2,DR,1,21,89,1,2
3,FO,1,21,137,1,3
4,FO,1,21,25,1,4
5,FO,1,21,77,1,5
6,FO,1,21,100,1,6
7,DRO,1,21,27,1,7
8,F,1,21,27,1,8
9,DRO,1,21,90,1,9
10,DR,1,21,160,1,10
11,DRO,1,21,120,1,11
12,DR,1,21,94,1,12
13,DRO,1,21,13,1,13
14,F,1,21,23,1,14
15,F,1,21,15,1,15
16,F,1,21,19,1,16
17,F,1,21,45,1,17
18,FO,1,21,19,1,18
19,DR,1,21,32,1,19
20,DRO,1,21,13,1,20
21,FO,1,21,112,1,21
22,F,1,21,40,1,22
23,DRO,1,21,90,1,23
24,DR,1,21,63,1,24
25,DRO,1,21,89,1,25
26,DRO,1,21,1,1,26
27,FO,1,21,1,1,27
28,DRO,1,21,79,1,28
29,DR,1,21,12,1,29
30,F,1,21,10,1,30
31,DR,1,21,16,1,31
32,F,1,21,37,1,32
33,F,1,21,16,1,33
34,DRO,1,21,20,1,34
35,FO,1,21,11,1,35
36,DR,1,21,19,1,36
37,FO,1,21,10,1,37
38,FO,1,21,13,1,38
39,DRO,1,21,100,1,39
40,DR,1,21,9,1,40
1,DR,2,21,33,1,1
2,DR,2,21,79,1,2
3,FO,2,21,141,1,3
4,FO,2,21,27,1,4
5,FO,2,21,72,1,5
6,FO,2,21,115,1,6
7,DRO,2,21,26,1,7
8,F,2,21,34,1,8
9,DRO,2,21,97,1,9
10,DR,2,21,138,1,10
11,DRO,2,21,114,1,11
12,DR,2,21,102,1,12
13,DRO,2,21,11,1,13
14,F,2,21,29,1,14
15,F,2,21,21,1,15
16,F,2,21,25,1,16
17,F,2,21,28,1,17
18,FO,2,21,12,1,18
19,DR,2,21,40,1,19
20,DRO,2,21,17,1,20
21,FO,2,21,77,1,21
22,F,2,21,34,1,22
23,DRO,2,21,78,1,23
24,DR,2,21,65,1,24
25,DRO,2,21,84,1,25
26,DRO,2,21,2,1,26
27,FO,2,21,2,1,27
28,DRO,2,21,83,1,28
29,DR,2,21,9,1,29
30,F,2,21,21,1,30
31,DR,2,21,28,1,31
32,F,2,21,36,1,32
33,F,2,21,13,1,33
34,DRO,2,21,14,1,34
35,FO,2,21,13,1,35
36,DR,2,21,13,1,36
37,FO,2,21,8,1,37
38,FO,2,21,18,1,38
39,DRO,2,21,107,1,39
40,DR,2,21,11,1,40
1,DR,3,21,29,1,1
2,DR,3,21,90,1,2
3,FO,3,21,148,1,3
4,FO,3,21,39,1,4
5,FO,3,21,84,1,5
6,FO,3,21,110,1,6
7,DRO,3,21,29,1,7
8,F,3,21,16,1,8
9,DRO,3,21,53,1,9
10,DR,3,21,145,1,10
11,DRO,3,21,86,1,11
12,DR,3,21,83,1,12
13,DRO,3,21,8,1,13
14,F,3,21,22,1,14
15,F,3,21,37,1,15
16,F,3,21,9,1,16
17,F,3,21,20,1,17
18,FO,3,21,14,1,18
19,DR,3,21,36,1,19
20,DRO,3,21,16,1,20
21,FO,3,21,111,1,21
22,F,3,21,33,1,22
23,DRO,3,21,95,1,23
24,DR,3,21,71,1,24
25,DRO,3,21,94,1,25
26,DRO,3,21,3,1,26
27,FO,3,21,0,1,27
28,DRO,3,21,68,1,28
29,DR,3,21,11,1,29
30,F,3,21,22,1,30
31,DR,3,21,24,1,31
32,F,3,21,50,1,32
33,F,3,21,38,1,33
34,DRO,3,21,24,1,34
35,FO,3,21,11,1,35
36,DR,3,21,17,1,36
37,FO,3,21,14,1,37
38,FO,3,21,27,1,38
39,DRO,3,21,108,1,39
40,DR,3,21,10,1,40
1,DR,4,21,29,1,1
2,DR,4,21,87,1,2
3,FO,4,21,148,1,3
4,FO,4,21,29,1,4
5,FO,4,21,78,1,5
6,FO,4,21,112,1,6
7,DRO,4,21,28,1,7
8,F,4,21,56,1,8
9,DRO,4,21,82,1,9
10,DR,4,21,153,1,10
11,DRO,4,21,109,1,11
12,DR,4,21,106,1,12
13,DRO,4,21,18,1,13
14,F,4,21,33,1,14
15,F,4,21,10,1,15
16,F,4,21,11,1,16
17,F,4,21,33,1,17
18,FO,4,21,33,1,18
19,DR,4,21,36,1,19
20,DRO,4,21,10,1,20
21,FO,4,21,99,1,21
22,F,4,21,27,1,22
23,DRO,4,21,77,1,23
24,DR,4,21,57,1,24
25,DRO,4,21,69,1,25
26,DRO,4,21,10,1,26
27,FO,4,21,1,1,27
28,DRO,4,21,97,1,28
29,DR,4,21,12,1,29
30,F,4,21,20,1,30
31,DR,4,21,22,1,31
32,F,4,21,28,1,32
33,F,4,21,9,1,33
34,DRO,4,21,9,1,34
35,FO,4,21,13,1,35
36,DR,4,21,20,1,36
37,FO,4,21,7,1,37
38,FO,4,21,19,1,38
39,DRO,4,21,103,1,39
40,DR,4,21,12,1,40
1,DR,5,21,38,1,1
2,DR,5,21,85,1,2
3,FO,5,21,145,1,3
4,FO,5,21,33,1,4
5,FO,5,21,89,1,5
6,FO,5,21,114,1,6
7,DRO,5,21,22,1,7
8,F,5,21,48,1,8
9,DRO,5,21,83,1,9
10,DR,5,21,141,1,10
11,DRO,5,21,129,1,11
12,DR,5,21,95,1,12
13,DRO,5,21,23,1,13
14,F,5,21,23,1,14
15,F,5,21,11,1,15
16,F,5,21,18,1,16
17,F,5,21,34,1,17
18,FO,5,21,36,1,18
19,DR,5,21,37,1,19
20,DRO,5,21,5,1,20
21,FO,5,21,91,1,21
22,F,5,21,36,1,22
23,DRO,5,21,110,1,23
24,DR,5,21,60,1,24
25,DRO,5,21,77,1,25
26,DRO,5,21,5,1,26
27,FO,5,21,1,1,27
28,DRO,5,21,93,1,28
29,DR,5,21,5,1,29
30,F,5,21,19,1,30
31,DR,5,21,24,1,31
32,F,5,21,20,1,32
33,F,5,21,12,1,33
34,DRO,5,21,19,1,34
35,FO,5,21,10,1,35
36,DR,5,21,17,1,36
37,FO,5,21,6,1,37
38,FO,5,21,20,1,38
39,DRO,5,21,81,1,39
40,DR,5,21,13,1,40
1,DR,6,21,26,1,1
2,DR,6,21,101,1,2
3,FO,6,21,133,1,3
4,FO,6,21,29,1,4
5,FO,6,21,83,1,5
6,FO,6,21,119,1,6
7,DRO,6,21,34,1,7
8,F,6,21,45,1,8
9,DRO,6,21,77,1,9
10,DR,6,21,137,1,10
11,DRO,6,21,139,1,11
12,DR,6,21,107,1,12
13,DRO,6,21,15,1,13
14,F,6,21,40,1,14
15,F,6,21,18,1,15
16,F,6,21,15,1,16
17,F,6,21,32,1,17
18,FO,6,21,29,1,18
19,DR,6,21,26,1,19
20,DRO,6,21,14,1,20
21,FO,6,21,71,1,21
22,F,6,21,22,1,22
23,DRO,6,21,72,1,23
24,DR,6,21,61,1,24
25,DRO,6,21,50,1,25
26,DRO,6,21,4,1,26
27,FO,6,21,0,1,27
28,DRO,6,21,92,1,28
29,DR,6,21,7,1,29
30,F,6,21,27,1,30
31,DR,6,21,18,1,31
32,F,6,21,24,1,32
33,F,6,21,8,1,33
34,DRO,6,21,10,1,34
35,FO,6,21,12,1,35
36,DR,6,21,17,1,36
37,FO,6,21,6,1,37
38,FO,6,21,24,1,38
39,DRO,6,21,94,1,39
40,DR,6,21,12,1,40
1,FO,1,7,6,2,41
2,DR,1,7,1,2,42
3,DRO,1,7,0,2,43
4,DR,1,7,1,2,44
5,F,1,7,2,2,45
6,F,1,7,0,2,46
7,DRO,1,7,0,2,47
8,F,1,7,4,2,48
9,DR,1,7,1,2,49
10,DRO,1,7,0,2,50
11,DR,1,7,5,2,51
12,F,1,7,2,2,52
13,F,1,7,0,2,53
14,FO,1,7,2,2,54
15,F,1,7,0,2,55
16,FO,1,7,1,2,56
17,DRO,1,7,3,2,57
18,DR,1,7,6,2,58
19,F,1,7,9,2,59
20,DRO,1,7,11,2,60
21,DRO,1,7,10,2,61
22,DR,1,7,7,2,62
23,DR,1,7,7,2,63
24,DR,1,7,1,2,64
25,FO,1,7,1,2,65
26,FO,1,7,4,2,66
27,FO,1,7,11,2,67
28,DR,1,7,4,2,68
29,F,1,7,3,2,69
30,FO,1,7,11,2,70
31,FO,1,7,1,2,71
32,F,1,7,0,2,72
33,DRO,1,7,0,2,73
34,DRO,1,7,0,2,74
35,DRO,1,7,0,2,75
36,FO,1,7,1,2,76
37,DRO,1,7,0,2,77
38,DR,1,7,0,2,78
39,F,1,7,0,2,79
40,FO,1,7,1,2,80
1,FO,2,7,3,2,41
2,DR,2,7,2,2,42
3,DRO,2,7,1,2,43
4,DR,2,7,0,2,44
5,F,2,7,0,2,45
6,F,2,7,1,2,46
7,DRO,2,7,2,2,47
8,F,2,7,0,2,48
9,DR,2,7,2,2,49
10,DRO,2,7,0,2,50
11,DR,2,7,6,2,51
12,F,2,7,0,2,52
13,F,2,7,0,2,53
14,FO,2,7,0,2,54
15,F,2,7,0,2,55
16,FO,2,7,0,2,56
17,DRO,2,7,3,2,57
18,DR,2,7,4,2,58
19,F,2,7,12,2,59
20,DRO,2,7,2,2,60
21,DRO,2,7,2,2,61
22,DR,2,7,8,2,62
23,DR,2,7,5,2,63
24,DR,2,7,3,2,64
25,FO,2,7,1,2,65
26,FO,2,7,14,2,66
27,FO,2,7,5,2,67
28,DR,2,7,4,2,68
29,F,2,7,2,2,69
30,FO,2,7,7,2,70
31,FO,2,7,0,2,71
32,F,2,7,1,2,72
33,DRO,2,7,0,2,73
34,DRO,2,7,2,2,74
35,DRO,2,7,1,2,75
36,FO,2,7,2,2,76
37,DRO,2,7,2,2,77
38,DR,2,7,0,2,78
39,F,2,7,1,2,79
40,FO,2,7,2,2,80
1,FO,3,7,8,2,41
2,DR,3,7,0,2,42
3,DRO,3,7,0,2,43
4,DR,3,7,1,2,44
5,F,3,7,1,2,45
6,F,3,7,0,2,46
7,DRO,3,7,1,2,47
8,F,3,7,0,2,48
9,DR,3,7,2,2,49
10,DRO,3,7,0,2,50
11,DR,3,7,9,2,51
12,F,3,7,4,2,52
13,F,3,7,0,2,53
14,FO,3,7,1,2,54
15,F,3,7,1,2,55
16,FO,3,7,2,2,56
17,DRO,3,7,3,2,57
18,DR,3,7,2,2,58
19,F,3,7,12,2,59
20,DRO,3,7,19,2,60
21,DRO,3,7,2,2,61
22,DR,3,7,6,2,62
23,DR,3,7,3,2,63
24,DR,3,7,2,2,64
25,FO,3,7,2,2,65
26,FO,3,7,3,2,66
27,FO,3,7,9,2,67
28,DR,3,7,8,2,68
29,F,3,7,1,2,69
30,FO,3,7,12,2,70
31,FO,3,7,2,2,71
32,F,3,7,1,2,72
33,DRO,3,7,0,2,73
34,DRO,3,7,2,2,74
35,DRO,3,7,0,2,75
36,FO,3,7,0,2,76
37,DRO,3,7,0,2,77
38,DR,3,7,0,2,78
39,F,3,7,0,2,79
40,FO,3,7,4,2,80
1,FO,4,7,4,2,41
2,DR,4,7,0,2,42
3,DRO,4,7,0,2,43
4,DR,4,7,1,2,44
5,F,4,7,2,2,45
6,F,4,7,0,2,46
7,DRO,4,7,2,2,47
8,F,4,7,1,2,48
9,DR,4,7,0,2,49
10,DRO,4,7,0,2,50
11,DR,4,7,3,2,51
12,F,4,7,0,2,52
13,F,4,7,1,2,53
14,FO,4,7,0,2,54
15,F,4,7,0,2,55
16,FO,4,7,5,2,56
17,DRO,4,7,2,2,57
18,DR,4,7,2,2,58
19,F,4,7,18,2,59
20,DRO,4,7,15,2,60
21,DRO,4,7,6,2,61
22,DR,4,7,2,2,62
23,DR,4,7,8,2,63
24,DR,4,7,2,2,64
25,FO,4,7,1,2,65
26,FO,4,7,9,2,66
27,FO,4,7,10,2,67
28,DR,4,7,2,2,68
29,F,4,7,3,2,69
30,FO,4,7,9,2,70
31,FO,4,7,3,2,71
32,F,4,7,0,2,72
33,DRO,4,7,2,2,73
34,DRO,4,7,2,2,74
35,DRO,4,7,0,2,75
36,FO,4,7,0,2,76
37,DRO,4,7,1,2,77
38,DR,4,7,0,2,78
39,F,4,7,0,2,79
40,FO,4,7,3,2,80
1,FO,5,7,9,2,41
2,DR,5,7,0,2,42
3,DRO,5,7,0,2,43
4,DR,5,7,2,2,44
5,F,5,7,1,2,45
6,F,5,7,0,2,46
7,DRO,5,7,0,2,47
8,F,5,7,1,2,48
9,DR,5,7,2,2,49
10,DRO,5,7,1,2,50
11,DR,5,7,3,2,51
12,F,5,7,0,2,52
13,F,5,7,0,2,53
14,FO,5,7,0,2,54
15,F,5,7,1,2,55
16,FO,5,7,3,2,56
17,DRO,5,7,1,2,57
18,DR,5,7,2,2,58
19,F,5,7,12,2,59
20,DRO,5,7,34,2,60
21,DRO,5,7,11,2,61
22,DR,5,7,4,2,62
23,DR,5,7,8,2,63
24,DR,5,7,4,2,64
25,FO,5,7,2,2,65
26,FO,5,7,12,2,66
27,FO,5,7,6,2,67
28,DR,5,7,0,2,68
29,F,5,7,2,2,69
30,FO,5,7,5,2,70
31,FO,5,7,0,2,71
32,F,5,7,1,2,72
33,DRO,5,7,0,2,73
34,DRO,5,7,0,2,74
35,DRO,5,7,0,2,75
36,FO,5,7,0,2,76
37,DRO,5,7,2,2,77
38,DR,5,7,1,2,78
39,F,5,7,0,2,79
40,FO,5,7,2,2,80
1,FO,6,7,9,2,41
2,DR,6,7,0,2,42
3,DRO,6,7,0,2,43
4,DR,6,7,0,2,44
5,F,6,7,1,2,45
6,F,6,7,1,2,46
7,DRO,6,7,2,2,47
8,F,6,7,1,2,48
9,DR,6,7,0,2,49
10,DRO,6,7,0,2,50
11,DR,6,7,6,2,51
12,F,6,7,2,2,52
13,F,6,7,0,2,53
14,FO,6,7,0,2,54
15,F,6,7,3,2,55
16,FO,6,7,1,2,56
17,DRO,6,7,3,2,57
18,DR,6,7,2,2,58
19,F,6,7,10,2,59
20,DRO,6,7,15,2,60
21,DRO,6,7,2,2,61
22,DR,6,7,4,2,62
23,DR,6,7,7,2,63
24,DR,6,7,2,2,64
25,FO,6,7,1,2,65
26,FO,6,7,12,2,66
27,FO,6,7,16,2,67
28,DR,6,7,2,2,68
29,F,6,7,3,2,69
30,FO,6,7,5,2,70
31,FO,6,7,0,2,71
32,F,6,7,0,2,72
33,DRO,6,7,1,2,73
34,DRO,6,7,0,2,74
35,DRO,6,7,0,2,75
36,FO,6,7,2,2,76
37,DRO,6,7,0,2,77
38,DR,6,7,0,2,78
39,F,6,7,1,2,79
40,FO,6,7,3,2,80
1,FO,1,14,18,2,41
2,DR,1,14,4,2,42
3,DRO,1,14,7,2,43
4,DR,1,14,15,2,44
5,F,1,14,3,2,45
6,F,1,14,7,2,46
7,DRO,1,14,35,2,47
8,F,1,14,31,2,48
9,DR,1,14,30,2,49
10,DRO,1,14,12,2,50
11,DR,1,14,20,2,51
12,F,1,14,9,2,52
13,F,1,14,27,2,53
14,FO,1,14,2,2,54
15,F,1,14,9,2,55
16,FO,1,14,4,2,56
17,DRO,1,14,4,2,57
18,DR,1,14,19,2,58
19,F,1,14,74,2,59
20,DRO,1,14,20,2,60
21,DRO,1,14,131,2,61
22,DR,1,14,67,2,62
23,DR,1,14,28,2,63
24,DR,1,14,9,2,64
25,FO,1,14,6,2,65
26,FO,1,14,17,2,66
27,FO,1,14,4,2,67
28,DR,1,14,7,2,68
29,F,1,14,7,2,69
30,FO,1,14,9,2,70
31,FO,1,14,3,2,71
32,F,1,14,16,2,72
33,DRO,1,14,8,2,73
34,DRO,1,14,28,2,74
35,DRO,1,14,28,2,75
36,FO,1,14,27,2,76
37,DRO,1,14,34,2,77
38,DR,1,14,33,2,78
39,F,1,14,13,2,79
40,FO,1,14,28,2,80
1,FO,2,14,8,2,41
2,DR,2,14,3,2,42
3,DRO,2,14,13,2,43
4,DR,2,14,10,2,44
5,F,2,14,5,2,45
6,F,2,14,3,2,46
7,DRO,2,14,22,2,47
8,F,2,14,16,2,48
9,DR,2,14,27,2,49
10,DRO,2,14,10,2,50
11,DR,2,14,24,2,51
12,F,2,14,8,2,52
13,F,2,14,20,2,53
14,FO,2,14,1,2,54
15,F,2,14,7,2,55
16,FO,2,14,7,2,56
17,DRO,2,14,19,2,57
18,DR,2,14,13,2,58
19,F,2,14,46,2,59
20,DRO,2,14,36,2,60
21,DRO,2,14,94,2,61
22,DR,2,14,65,2,62
23,DR,2,14,24,2,63
24,DR,2,14,10,2,64
25,FO,2,14,4,2,65
26,FO,2,14,17,2,66
27,FO,2,14,8,2,67
28,DR,2,14,8,2,68
29,F,2,14,6,2,69
30,FO,2,14,20,2,70
31,FO,2,14,7,2,71
32,F,2,14,17,2,72
33,DRO,2,14,11,2,73
34,DRO,2,14,34,2,74
35,DRO,2,14,36,2,75
36,FO,2,14,27,2,76
37,DRO,2,14,39,2,77
38,DR,2,14,33,2,78
39,F,2,14,25,2,79
40,FO,2,14,21,2,80
1,FO,3,14,19,2,41
2,DR,3,14,7,2,42
3,DRO,3,14,15,2,43
4,DR,3,14,5,2,44
5,F,3,14,3,2,45
6,F,3,14,2,2,46
7,DRO,3,14,33,2,47
8,F,3,14,12,2,48
9,DR,3,14,23,2,49
10,DRO,3,14,23,2,50
11,DR,3,14,23,2,51
12,F,3,14,7,2,52
13,F,3,14,28,2,53
14,FO,3,14,3,2,54
15,F,3,14,8,2,55
16,FO,3,14,6,2,56
17,DRO,3,14,13,2,57
18,DR,3,14,18,2,58
19,F,3,14,32,2,59
20,DRO,3,14,27,2,60
21,DRO,3,14,123,2,61
22,DR,3,14,66,2,62
23,DR,3,14,29,2,63
24,DR,3,14,14,2,64
25,FO,3,14,5,2,65
26,FO,3,14,13,2,66
27,FO,3,14,12,2,67
28,DR,3,14,10,2,68
29,F,3,14,5,2,69
30,FO,3,14,19,2,70
31,FO,3,14,9,2,71
32,F,3,14,12,2,72
33,DRO,3,14,10,2,73
34,DRO,3,14,25,2,74
35,DRO,3,14,43,2,75
36,FO,3,14,33,2,76
37,DRO,3,14,36,2,77
38,DR,3,14,30,2,78
39,F,3,14,18,2,79
40,FO,3,14,34,2,80
1,FO,4,14,26,2,41
2,DR,4,14,9,2,42
3,DRO,4,14,11,2,43
4,DR,4,14,4,2,44
5,F,4,14,2,2,45
6,F,4,14,7,2,46
7,DRO,4,14,20,2,47
8,F,4,14,18,2,48
9,DR,4,14,45,2,49
10,DRO,4,14,14,2,50
11,DR,4,14,32,2,51
12,F,4,14,5,2,52
13,F,4,14,16,2,53
14,FO,4,14,8,2,54
15,F,4,14,12,2,55
16,FO,4,14,12,2,56
17,DRO,4,14,22,2,57
18,DR,4,14,9,2,58
19,F,4,14,92,2,59
20,DRO,4,14,37,2,60
21,DRO,4,14,110,2,61
22,DR,4,14,50,2,62
23,DR,4,14,21,2,63
24,DR,4,14,4,2,64
25,FO,4,14,9,2,65
26,FO,4,14,15,2,66
27,FO,4,14,6,2,67
28,DR,4,14,4,2,68
29,F,4,14,7,2,69
30,FO,4,14,5,2,70
31,FO,4,14,16,2,71
32,F,4,14,7,2,72
33,DRO,4,14,12,2,73
34,DRO,4,14,23,2,74
35,DRO,4,14,8,2,75
36,FO,4,14,40,2,76
37,DRO,4,14,24,2,77
38,DR,4,14,32,2,78
39,F,4,14,14,2,79
40,FO,4,14,24,2,80
1,FO,5,14,17,2,41
2,DR,5,14,5,2,42
3,DRO,5,14,13,2,43
4,DR,5,14,7,2,44
5,F,5,14,4,2,45
6,F,5,14,4,2,46
7,DRO,5,14,35,2,47
8,F,5,14,29,2,48
9,DR,5,14,38,2,49
10,DRO,5,14,16,2,50
11,DR,5,14,21,2,51
12,F,5,14,4,2,52
13,F,5,14,5,2,53
14,FO,5,14,5,2,54
15,F,5,14,15,2,55
16,FO,5,14,7,2,56
17,DRO,5,14,22,2,57
18,DR,5,14,18,2,58
19,F,5,14,94,2,59
20,DRO,5,14,37,2,60
21,DRO,5,14,101,2,61
22,DR,5,14,69,2,62
23,DR,5,14,24,2,63
24,DR,5,14,6,2,64
25,FO,5,14,6,2,65
26,FO,5,14,13,2,66
27,FO,5,14,9,2,67
28,DR,5,14,6,2,68
29,F,5,14,5,2,69
30,FO,5,14,2,2,70
31,FO,5,14,10,2,71
32,F,5,14,11,2,72
33,DRO,5,14,18,2,73
34,DRO,5,14,28,2,74
35,DRO,5,14,55,2,75
36,FO,5,14,28,2,76
37,DRO,5,14,41,2,77
38,DR,5,14,26,2,78
39,F,5,14,12,2,79
40,FO,5,14,26,2,80
1,FO,6,14,16,2,41
2,DR,6,14,1,2,42
3,DRO,6,14,10,2,43
4,DR,6,14,3,2,44
5,F,6,14,5,2,45
6,F,6,14,1,2,46
7,DRO,6,14,37,2,47
8,F,6,14,23,2,48
9,DR,6,14,31,2,49
10,DRO,6,14,15,2,50
11,DR,6,14,31,2,51
12,F,6,14,8,2,52
13,F,6,14,24,2,53
14,FO,6,14,9,2,54
15,F,6,14,18,2,55
16,FO,6,14,8,2,56
17,DRO,6,14,27,2,57
18,DR,6,14,12,2,58
19,F,6,14,95,2,59
20,DRO,6,14,42,2,60
21,DRO,6,14,96,2,61
22,DR,6,14,53,2,62
23,DR,6,14,39,2,63
24,DR,6,14,6,2,64
25,FO,6,14,11,2,65
26,FO,6,14,13,2,66
27,FO,6,14,9,2,67
28,DR,6,14,4,2,68
29,F,6,14,9,2,69
30,FO,6,14,18,2,70
31,FO,6,14,14,2,71
32,F,6,14,5,2,72
33,DRO,6,14,11,2,73
34,DRO,6,14,41,2,74
35,DRO,6,14,24,2,75
36,FO,6,14,24,2,76
37,DRO,6,14,39,2,77
38,DR,6,14,28,2,78
39,F,6,14,17,2,79
40,FO,6,14,37,2,80
1,FO,1,21,7,2,41
2,DR,1,21,4,2,42
3,DRO,1,21,3,2,43
4,DR,1,21,1,2,44
5,F,1,21,5,2,45
6,F,1,21,2,2,46
7,DRO,1,21,7,2,47
8,F,1,21,4,2,48
9,DR,1,21,29,2,49
10,DRO,1,21,2,2,50
11,DR,1,21,1,2,51
12,F,1,21,3,2,52
13,F,1,21,13,2,53
14,FO,1,21,1,2,54
15,F,1,21,11,2,55
16,FO,1,21,5,2,56
17,DRO,1,21,1,2,57
18,DR,1,21,3,2,58
19,F,1,21,11,2,59
20,DRO,1,21,7,2,60
21,DRO,1,21,11,2,61
22,DR,1,21,17,2,62
23,DR,1,21,4,2,63
24,DR,1,21,3,2,64
25,FO,1,21,1,2,65
26,FO,1,21,2,2,66
27,FO,1,21,6,2,67
28,DR,1,21,3,2,68
29,F,1,21,1,2,69
30,FO,1,21,6,2,70
31,FO,1,21,6,2,71
32,F,1,21,5,2,72
33,DRO,1,21,5,2,73
34,DRO,1,21,8,2,74
35,DRO,1,21,6,2,75
36,FO,1,21,4,2,76
37,DRO,1,21,8,2,77
38,DR,1,21,1,2,78
39,F,1,21,2,2,79
40,FO,1,21,3,2,80
1,FO,2,21,2,2,41
2,DR,2,21,4,2,42
3,DRO,2,21,2,2,43
4,DR,2,21,1,2,44
5,F,2,21,4,2,45
6,F,2,21,0,2,46
7,DRO,2,21,5,2,47
8,F,2,21,3,2,48
9,DR,2,21,58,2,49
10,DRO,2,21,3,2,50
11,DR,2,21,3,2,51
12,F,2,21,1,2,52
13,F,2,21,12,2,53
14,FO,2,21,0,2,54
15,F,2,21,5,2,55
16,FO,2,21,7,2,56
17,DRO,2,21,10,2,57
18,DR,2,21,3,2,58
19,F,2,21,2,2,59
20,DRO,2,21,5,2,60
21,DRO,2,21,14,2,61
22,DR,2,21,20,2,62
23,DR,2,21,5,2,63
24,DR,2,21,3,2,64
25,FO,2,21,2,2,65
26,FO,2,21,3,2,66
27,FO,2,21,8,2,67
28,DR,2,21,4,2,68
29,F,2,21,1,2,69
30,FO,2,21,0,2,70
31,FO,2,21,4,2,71
32,F,2,21,11,2,72
33,DRO,2,21,2,2,73
34,DRO,2,21,4,2,74
35,DRO,2,21,6,2,75
36,FO,2,21,0,2,76
37,DRO,2,21,2,2,77
38,DR,2,21,1,2,78
39,F,2,21,3,2,79
40,FO,2,21,9,2,80
1,FO,3,21,2,2,41
2,DR,3,21,0,2,42
3,DRO,3,21,6,2,43
4,DR,3,21,1,2,44
5,F,3,21,5,2,45
6,F,3,21,1,2,46
7,DRO,3,21,4,2,47
8,F,3,21,4,2,48
9,DR,3,21,74,2,49
10,DRO,3,21,2,2,50
11,DR,3,21,2,2,51
12,F,3,21,1,2,52
13,F,3,21,13,2,53
14,FO,3,21,1,2,54
15,F,3,21,12,2,55
16,FO,3,21,11,2,56
17,DRO,3,21,4,2,57
18,DR,3,21,4,2,58
19,F,3,21,10,2,59
20,DRO,3,21,6,2,60
21,DRO,3,21,7,2,61
22,DR,3,21,13,2,62
23,DR,3,21,7,2,63
24,DR,3,21,1,2,64
25,FO,3,21,3,2,65
26,FO,3,21,2,2,66
27,FO,3,21,7,2,67
28,DR,3,21,4,2,68
29,F,3,21,6,2,69
30,FO,3,21,1,2,70
31,FO,3,21,4,2,71
32,F,3,21,7,2,72
33,DRO,3,21,3,2,73
34,DRO,3,21,7,2,74
35,DRO,3,21,2,2,75
36,FO,3,21,1,2,76
37,DRO,3,21,6,2,77
38,DR,3,21,1,2,78
39,F,3,21,2,2,79
40,FO,3,21,13,2,80
1,FO,4,21,4,2,41
2,DR,4,21,2,2,42
3,DRO,4,21,5,2,43
4,DR,4,21,0,2,44
5,F,4,21,4,2,45
6,F,4,21,1,2,46
7,DRO,4,21,9,2,47
8,F,4,21,6,2,48
9,DR,4,21,58,2,49
10,DRO,4,21,4,2,50
11,DR,4,21,1,2,51
12,F,4,21,4,2,52
13,F,4,21,10,2,53
14,FO,4,21,0,2,54
15,F,4,21,6,2,55
16,FO,4,21,6,2,56
17,DRO,4,21,2,2,57
18,DR,4,21,2,2,58
19,F,4,21,6,2,59
20,DRO,4,21,2,2,60
21,DRO,4,21,8,2,61
22,DR,4,21,7,2,62
23,DR,4,21,6,2,63
24,DR,4,21,4,2,64
25,FO,4,21,2,2,65
26,FO,4,21,0,2,66
27,FO,4,21,6,2,67
28,DR,4,21,4,2,68
29,F,4,21,8,2,69
30,FO,4,21,3,2,70
31,FO,4,21,0,2,71
32,F,4,21,2,2,72
33,DRO,4,21,2,2,73
34,DRO,4,21,10,2,74
35,DRO,4,21,2,2,75
36,FO,4,21,2,2,76
37,DRO,4,21,2,2,77
38,DR,4,21,0,2,78
39,F,4,21,0,2,79
40,FO,4,21,3,2,80
1,FO,5,21,3,2,41
2,DR,5,21,0,2,42
3,DRO,5,21,2,2,43
4,DR,5,21,1,2,44
5,F,5,21,3,2,45
6,F,5,21,1,2,46
7,DRO,5,21,4,2,47
8,F,5,21,3,2,48
9,DR,5,21,29,2,49
10,DRO,5,21,3,2,50
11,DR,5,21,3,2,51
12,F,5,21,1,2,52
13,F,5,21,7,2,53
14,FO,5,21,2,2,54
15,F,5,21,3,2,55
16,FO,5,21,6,2,56
17,DRO,5,21,1,2,57
18,DR,5,21,3,2,58
19,F,5,21,7,2,59
20,DRO,5,21,4,2,60
21,DRO,5,21,6,2,61
22,DR,5,21,13,2,62
23,DR,5,21,4,2,63
24,DR,5,21,5,2,64
25,FO,5,21,3,2,65
26,FO,5,21,4,2,66
27,FO,5,21,7,2,67
28,DR,5,21,4,2,68
29,F,5,21,4,2,69
30,FO,5,21,5,2,70
31,FO,5,21,2,2,71
32,F,5,21,3,2,72
33,DRO,5,21,2,2,73
34,DRO,5,21,9,2,74
35,DRO,5,21,1,2,75
36,FO,5,21,0,2,76
37,DRO,5,21,3,2,77
38,DR,5,21,2,2,78
39,F,5,21,1,2,79
40,FO,5,21,3,2,80
1,FO,6,21,3,2,41
2,DR,6,21,1,2,42
3,DRO,6,21,4,2,43
4,DR,6,21,3,2,44
5,F,6,21,9,2,45
6,F,6,21,0,2,46
7,DRO,6,21,14,2,47
8,F,6,21,1,2,48
9,DR,6,21,71,2,49
10,DRO,6,21,4,2,50
11,DR,6,21,3,2,51
12,F,6,21,3,2,52
13,F,6,21,11,2,53
14,FO,6,21,3,2,54
15,F,6,21,2,2,55
16,FO,6,21,7,2,56
17,DRO,6,21,1,2,57
18,DR,6,21,0,2,58
19,F,6,21,2,2,59
20,DRO,6,21,14,2,60
21,DRO,6,21,4,2,61
22,DR,6,21,6,2,62
23,DR,6,21,14,2,63
24,DR,6,21,8,2,64
25,FO,6,21,3,2,65
26,FO,6,21,1,2,66
27,FO,6,21,3,2,67
28,DR,6,21,6,2,68
29,F,6,21,7,2,69
30,FO,6,21,4,2,70
31,FO,6,21,4,2,71
32,F,6,21,4,2,72
33,DRO,6,21,2,2,73
34,DRO,6,21,6,2,74
35,DRO,6,21,2,2,75
36,FO,6,21,2,2,76
37,DRO,6,21,3,2,77
38,DR,6,21,2,2,78
39,F,6,21,1,2,79
40,FO,6,21,5,2,80
25,F,1,7,48,3,81
26,FO,1,7,25,3,82
27,DR,1,7,45,3,83
28,FO,1,7,7,3,84
29,F,1,7,19,3,85
30,DR,1,7,26,3,86
31,F,1,7,30,3,87
32,DRO,1,7,2,3,88
33,DR,1,7,14,3,89
34,FO,1,7,50,3,90
35,FO,1,7,7,3,91
36,DR,1,7,3,3,92
37,F,1,7,99,3,93
38,DRO,1,7,42,3,94
39,DR,1,7,0,3,95
40,FO,1,7,68,3,96
41,F,1,7,32,3,97
42,F,1,7,136,3,98
43,DR,1,7,61,3,99
44,DRO,1,7,56,3,100
45,DR,1,7,124,3,101
46,DRO,1,7,76,3,102
47,FO,1,7,108,3,103
48,DR,1,7,43,3,104
49,DRO,1,7,179,3,105
50,FO,1,7,156,3,106
51,F,1,7,41,3,107
52,DRO,1,7,42,3,108
53,DRO,1,7,127,3,109
54,DRO,1,7,91,3,110
25,F,2,7,46,3,81
26,FO,2,7,19,3,82
27,DR,2,7,40,3,83
28,FO,2,7,4,3,84
29,F,2,7,27,3,85
30,DR,2,7,11,3,86
31,F,2,7,33,3,87
32,DRO,2,7,1,3,88
33,DR,2,7,15,3,89
34,FO,2,7,68,3,90
35,FO,2,7,9,3,91
36,DR,2,7,2,3,92
37,F,2,7,78,3,93
38,DRO,2,7,42,3,94
39,DR,2,7,0,3,95
40,FO,2,7,63,3,96
41,F,2,7,32,3,97
42,F,2,7,124,3,98
43,DR,2,7,86,3,99
44,DRO,2,7,27,3,100
45,DR,2,7,107,3,101
46,DRO,2,7,86,3,102
47,FO,2,7,91,3,103
48,DR,2,7,43,3,104
49,DRO,2,7,209,3,105
50,FO,2,7,168,3,106
51,F,2,7,48,3,107
52,DRO,2,7,55,3,108
53,DRO,2,7,77,3,109
54,DRO,2,7,61,3,110
25,F,3,7,56,3,81
26,FO,3,7,27,3,82
27,DR,3,7,42,3,83
28,FO,3,7,3,3,84
29,F,3,7,24,3,85
30,DR,3,7,11,3,86
31,F,3,7,25,3,87
32,DRO,3,7,5,3,88
33,DR,3,7,14,3,89
34,FO,3,7,36,3,90
35,FO,3,7,12,3,91
36,DR,3,7,1,3,92
37,F,3,7,109,3,93
38,DRO,3,7,50,3,94
39,DR,3,7,0,3,95
40,FO,3,7,64,3,96
41,F,3,7,35,3,97
42,F,3,7,82,3,98
43,DR,3,7,60,3,99
44,DRO,3,7,53,3,100
45,DR,3,7,88,3,101
46,DRO,3,7,88,3,102
47,FO,3,7,84,3,103
48,DR,3,7,41,3,104
49,DRO,3,7,170,3,105
50,FO,3,7,165,3,106
51,F,3,7,38,3,107
52,DRO,3,7,74,3,108
53,DRO,3,7,95,3,109
54,DRO,3,7,39,3,110
25,F,4,7,25,3,81
26,FO,4,7,17,3,82
27,DR,4,7,34,3,83
28,FO,4,7,4,3,84
29,F,4,7,14,3,85
30,DR,4,7,13,3,86
31,F,4,7,23,3,87
32,DRO,4,7,4,3,88
33,DR,4,7,9,3,89
34,FO,4,7,10,3,90
35,FO,4,7,12,3,91
36,DR,4,7,2,3,92
37,F,4,7,107,3,93
38,DRO,4,7,21,3,94
39,DR,4,7,0,3,95
40,FO,4,7,82,3,96
41,F,4,7,28,3,97
42,F,4,7,125,3,98
43,DR,4,7,127,3,99
44,DRO,4,7,55,3,100
45,DR,4,7,155,3,101
46,DRO,4,7,105,3,102
47,FO,4,7,183,3,103
48,DR,4,7,50,3,104
49,DRO,4,7,184,3,105
50,FO,4,7,387,3,106
51,F,4,7,35,3,107
52,DRO,4,7,74,3,108
53,DRO,4,7,99,3,109
54,DRO,4,7,29,3,110
25,F,5,7,44,3,81
26,FO,5,7,14,3,82
27,DR,5,7,41,3,83
28,FO,5,7,13,3,84
29,F,5,7,24,3,85
30,DR,5,7,10,3,86
31,F,5,7,16,3,87
32,DRO,5,7,0,3,88
33,DR,5,7,8,3,89
34,FO,5,7,70,3,90
35,FO,5,7,9,3,91
36,DR,5,7,6,3,92
37,F,5,7,101,3,93
38,DRO,5,7,47,3,94
39,DR,5,7,0,3,95
40,FO,5,7,66,3,96
41,F,5,7,31,3,97
42,F,5,7,145,3,98
43,DR,5,7,106,3,99
44,DRO,5,7,50,3,100
45,DR,5,7,142,3,101
46,DRO,5,7,107,3,102
47,FO,5,7,144,3,103
48,DR,5,7,57,3,104
49,DRO,5,7,219,3,105
50,FO,5,7,355,3,106
51,F,5,7,48,3,107
52,DRO,5,7,86,3,108
53,DRO,5,7,121,3,109
54,DRO,5,7,26,3,110
25,F,6,7,54,3,81
26,FO,6,7,10,3,82
27,DR,6,7,35,3,83
28,FO,6,7,12,3,84
29,F,6,7,25,3,85
30,DR,6,7,9,3,86
31,F,6,7,28,3,87
32,DRO,6,7,5,3,88
33,DR,6,7,11,3,89
34,FO,6,7,70,3,90
35,FO,6,7,4,3,91
36,DR,6,7,4,3,92
37,F,6,7,139,3,93
38,DRO,6,7,26,3,94
39,DR,6,7,0,3,95
40,FO,6,7,100,3,96
41,F,6,7,38,3,97
42,F,6,7,163,3,98
43,DR,6,7,91,3,99
44,DRO,6,7,44,3,100
45,DR,6,7,104,3,101
46,DRO,6,7,166,3,102
47,FO,6,7,119,3,103
48,DR,6,7,80,3,104
49,DRO,6,7,153,3,105
50,FO,6,7,171,3,106
51,F,6,7,91,3,107
52,DRO,6,7,73,3,108
53,DRO,6,7,74,3,109
54,DRO,6,7,36,3,110
25,F,1,14,69,3,81
26,FO,1,14,80,3,82
27,DR,1,14,52,3,83
28,FO,1,14,70,3,84
29,F,1,14,67,3,85
30,DR,1,14,46,3,86
31,F,1,14,84,3,87
32,DRO,1,14,48,3,88
33,DR,1,14,49,3,89
34,FO,1,14,59,3,90
35,FO,1,14,89,3,91
36,DR,1,14,24,3,92
37,F,1,14,233,3,93
38,DRO,1,14,69,3,94
39,DR,1,14,0,3,95
40,FO,1,14,260,3,96
41,F,1,14,137,3,97
42,F,1,14,0,3,98
43,DR,1,14,130,3,99
44,DRO,1,14,48,3,100
45,DR,1,14,197,3,101
46,DRO,1,14,217,3,102
47,FO,1,14,267,3,103
48,DR,1,14,74,3,104
49,DRO,1,14,128,3,105
50,FO,1,14,464,3,106
51,F,1,14,147,3,107
52,DRO,1,14,279,3,108
53,DRO,1,14,57,3,109
54,DRO,1,14,100,3,110
25,F,2,14,61,3,81
26,FO,2,14,86,3,82
27,DR,2,14,53,3,83
28,FO,2,14,72,3,84
29,F,2,14,60,3,85
30,DR,2,14,29,3,86
31,F,2,14,81,3,87
32,DRO,2,14,44,3,88
33,DR,2,14,59,3,89
34,FO,2,14,63,3,90
35,FO,2,14,90,3,91
36,DR,2,14,21,3,92
37,F,2,14,225,3,93
38,DRO,2,14,63,3,94
39,DR,2,14,0,3,95
40,FO,2,14,275,3,96
41,F,2,14,130,3,97
42,F,2,14,0,3,98
43,DR,2,14,157,3,99
44,DRO,2,14,55,3,100
45,DR,2,14,137,3,101
46,DRO,2,14,185,3,102
47,FO,2,14,310,3,103
48,DR,2,14,80,3,104
49,DRO,2,14,223,3,105
50,FO,2,14,320,3,106
51,F,2,14,143,3,107
52,DRO,2,14,301,3,108
53,DRO,2,14,116,3,109
54,DRO,2,14,71,3,110
25,F,3,14,65,3,81
26,FO,3,14,110,3,82
27,DR,3,14,57,3,83
28,FO,3,14,89,3,84
29,F,3,14,78,3,85
30,DR,3,14,49,3,86
31,F,3,14,101,3,87
32,DRO,3,14,58,3,88
33,DR,3,14,78,3,89
34,FO,3,14,75,3,90
35,FO,3,14,87,3,91
36,DR,3,14,18,3,92
37,F,3,14,213,3,93
38,DRO,3,14,88,3,94
39,DR,3,14,1,3,95
40,FO,3,14,242,3,96
41,F,3,14,159,3,97
42,F,3,14,0,3,98
43,DR,3,14,157,3,99
44,DRO,3,14,50,3,100
45,DR,3,14,162,3,101
46,DRO,3,14,159,3,102
47,FO,3,14,269,3,103
48,DR,3,14,75,3,104
49,DRO,3,14,119,3,105
50,FO,3,14,161,3,106
51,F,3,14,121,3,107
52,DRO,3,14,284,3,108
53,DRO,3,14,234,3,109
54,DRO,3,14,137,3,110
25,F,4,14,75,3,81
26,FO,4,14,108,3,82
27,DR,4,14,61,3,83
28,FO,4,14,84,3,84
29,F,4,14,106,3,85
30,DR,4,14,53,3,86
31,F,4,14,73,3,87
32,DRO,4,14,45,3,88
33,DR,4,14,55,3,89
34,FO,4,14,66,3,90
35,FO,4,14,94,3,91
36,DR,4,14,16,3,92
37,F,4,14,228,3,93
38,DRO,4,14,75,3,94
39,DR,4,14,0,3,95
40,FO,4,14,255,3,96
41,F,4,14,179,3,97
42,F,4,14,0,3,98
43,DR,4,14,161,3,99
44,DRO,4,14,63,3,100
45,DR,4,14,241,3,101
46,DRO,4,14,142,3,102
47,FO,4,14,241,3,103
48,DR,4,14,113,3,104
49,DRO,4,14,187,3,105
50,FO,4,14,437,3,106
51,F,4,14,173,3,107
52,DRO,4,14,261,3,108
53,DRO,4,14,339,3,109
54,DRO,4,14,69,3,110
25,F,5,14,88,3,81
26,FO,5,14,112,3,82
27,DR,5,14,63,3,83
28,FO,5,14,97,3,84
29,F,5,14,88,3,85
30,DR,5,14,54,3,86
31,F,5,14,91,3,87
32,DRO,5,14,53,3,88
33,DR,5,14,45,3,89
34,FO,5,14,78,3,90
35,FO,5,14,81,3,91
36,DR,5,14,19,3,92
37,F,5,14,234,3,93
38,DRO,5,14,82,3,94
39,DR,5,14,0,3,95
40,FO,5,14,258,3,96
41,F,5,14,146,3,97
42,F,5,14,0,3,98
43,DR,5,14,124,3,99
44,DRO,5,14,54,3,100
45,DR,5,14,250,3,101
46,DRO,5,14,249,3,102
47,FO,5,14,178,3,103
48,DR,5,14,90,3,104
49,DRO,5,14,202,3,105
50,FO,5,14,433,3,106
51,F,5,14,139,3,107
52,DRO,5,14,390,3,108
53,DRO,5,14,112,3,109
54,DRO,5,14,84,3,110
25,F,6,14,84,3,81
26,FO,6,14,123,3,82
27,DR,6,14,50,3,83
28,FO,6,14,99,3,84
29,F,6,14,83,3,85
30,DR,6,14,52,3,86
31,F,6,14,89,3,87
32,DRO,6,14,58,3,88
33,DR,6,14,38,3,89
34,FO,6,14,81,3,90
35,FO,6,14,77,3,91
36,DR,6,14,21,3,92
37,F,6,14,252,3,93
38,DRO,6,14,87,3,94
39,DR,6,14,0,3,95
40,FO,6,14,300,3,96
41,F,6,14,160,3,97
42,F,6,14,0,3,98
43,DR,6,14,127,3,99
44,DRO,6,14,73,3,100
45,DR,6,14,261,3,101
46,DRO,6,14,139,3,102
47,FO,6,14,266,3,103
48,DR,6,14,101,3,104
49,DRO,6,14,189,3,105
50,FO,6,14,321,3,106
51,F,6,14,136,3,107
52,DRO,6,14,244,3,108
53,DRO,6,14,135,3,109
54,DRO,6,14,82,3,110
25,F,1,21,150,3,81
26,FO,1,21,121,3,82
27,DR,1,21,187,3,83
28,FO,1,21,119,3,84
29,F,1,21,92,3,85
30,DR,1,21,89,3,86
31,F,1,21,166,3,87
32,DRO,1,21,208,3,88
33,DR,1,21,44,3,89
34,FO,1,21,97,3,90
35,FO,1,21,203,3,91
36,DR,1,21,76,3,92
37,F,1,21,194,3,93
38,DRO,1,21,210,3,94
39,DR,1,21,0,3,95
40,FO,1,21,269,3,96
41,F,1,21,184,3,97
42,F,1,21,176,3,98
43,DR,1,21,75,3,99
44,DRO,1,21,67,3,100
45,DR,1,21,235,3,101
46,DRO,1,21,158,3,102
47,FO,1,21,136,3,103
48,DR,1,21,103,3,104
49,DRO,1,21,183,3,105
50,FO,1,21,214,3,106
51,F,1,21,230,3,107
52,DRO,1,21,322,3,108
53,DRO,1,21,202,3,109
54,DRO,1,21,108,3,110
25,F,2,21,152,3,81
26,FO,2,21,151,3,82
27,DR,2,21,180,3,83
28,FO,2,21,142,3,84
29,F,2,21,98,3,85
30,DR,2,21,93,3,86
31,F,2,21,182,3,87
32,DRO,2,21,207,3,88
33,DR,2,21,71,3,89
34,FO,2,21,76,3,90
35,FO,2,21,182,3,91
36,DR,2,21,51,3,92
37,F,2,21,186,3,93
38,DRO,2,21,186,3,94
39,DR,2,21,0,3,95
40,FO,2,21,275,3,96
41,F,2,21,189,3,97
42,F,2,21,188,3,98
43,DR,2,21,94,3,99
44,DRO,2,21,65,3,100
45,DR,2,21,290,3,101
46,DRO,2,21,140,3,102
47,FO,2,21,146,3,103
48,DR,2,21,98,3,104
49,DRO,2,21,173,3,105
50,FO,2,21,268,3,106
51,F,2,21,248,3,107
52,DRO,2,21,339,3,108
53,DRO,2,21,199,3,109
54,DRO,2,21,112,3,110
25,F,3,21,165,3,81
26,FO,3,21,128,3,82
27,DR,3,21,175,3,83
28,FO,3,21,133,3,84
29,F,3,21,86,3,85
30,DR,3,21,78,3,86
31,F,3,21,209,3,87
32,DRO,3,21,188,3,88
33,DR,3,21,71,3,89
34,FO,3,21,88,3,90
35,FO,3,21,194,3,91
36,DR,3,21,60,3,92
37,F,3,21,170,3,93
38,DRO,3,21,207,3,94
39,DR,3,21,0,3,95
40,FO,3,21,239,3,96
41,F,3,21,162,3,97
42,F,3,21,185,3,98
43,DR,3,21,81,3,99
44,DRO,3,21,56,3,100
45,DR,3,21,252,3,101
46,DRO,3,21,133,3,102
47,FO,3,21,143,3,103
48,DR,3,21,99,3,104
49,DRO,3,21,164,3,105
50,FO,3,21,181,3,106
51,F,3,21,266,3,107
52,DRO,3,21,308,3,108
53,DRO,3,21,232,3,109
54,DRO,3,21,121,3,110
25,F,4,21,166,3,81
26,FO,4,21,132,3,82
27,DR,4,21,159,3,83
28,FO,4,21,127,3,84
29,F,4,21,97,3,85
30,DR,4,21,87,3,86
31,F,4,21,129,3,87
32,DRO,4,21,203,3,88
33,DR,4,21,91,3,89
34,FO,4,21,124,3,90
35,FO,4,21,179,3,91
36,DR,4,21,48,3,92
37,F,4,21,182,3,93
38,DRO,4,21,209,3,94
39,DR,4,21,0,3,95
40,FO,4,21,210,3,96
41,F,4,21,163,3,97
42,F,4,21,218,3,98
43,DR,4,21,105,3,99
44,DRO,4,21,55,3,100
45,DR,4,21,230,3,101
46,DRO,4,21,153,3,102
47,FO,4,21,159,3,103
48,DR,4,21,101,3,104
49,DRO,4,21,148,3,105
50,FO,4,21,292,3,106
51,F,4,21,259,3,107
52,DRO,4,21,276,3,108
53,DRO,4,21,247,3,109
54,DRO,4,21,149,3,110
25,F,5,21,95,3,81
26,FO,5,21,80,3,82
27,DR,5,21,95,3,83
28,FO,5,21,98,3,84
29,F,5,21,95,3,85
30,DR,5,21,92,3,86
31,F,5,21,156,3,87
32,DRO,5,21,192,3,88
33,DR,5,21,97,3,89
34,FO,5,21,104,3,90
35,FO,5,21,213,3,91
36,DR,5,21,60,3,92
37,F,5,21,178,3,93
38,DRO,5,21,220,3,94
39,DR,5,21,0,3,95
40,FO,5,21,245,3,96
41,F,5,21,158,3,97
42,F,5,21,207,3,98
43,DR,5,21,66,3,99
44,DRO,5,21,49,3,100
45,DR,5,21,220,3,101
46,DRO,5,21,173,3,102
47,FO,5,21,129,3,103
48,DR,5,21,81,3,104
49,DRO,5,21,170,3,105
50,FO,5,21,291,3,106
51,F,5,21,156,3,107
52,DRO,5,21,301,3,108
53,DRO,5,21,308,3,109
54,DRO,5,21,122,3,110
25,F,6,21,118,3,81
26,FO,6,21,165,3,82
27,DR,6,21,124,3,83
28,FO,6,21,135,3,84
29,F,6,21,98,3,85
30,DR,6,21,82,3,86
31,F,6,21,195,3,87
32,DRO,6,21,168,3,88
33,DR,6,21,100,3,89
34,FO,6,21,116,3,90
35,FO,6,21,212,3,91
36,DR,6,21,60,3,92
37,F,6,21,159,3,93
38,DRO,6,21,234,3,94
39,DR,6,21,1,3,95
40,FO,6,21,207,3,96
41,F,6,21,173,3,97
42,F,6,21,197,3,98
43,DR,6,21,47,3,99
44,DRO,6,21,49,3,100
45,DR,6,21,211,3,101
46,DRO,6,21,167,3,102
47,FO,6,21,146,3,103
48,DR,6,21,101,3,104
49,DRO,6,21,141,3,105
50,FO,6,21,231,3,106
51,F,6,21,172,3,107
52,DRO,6,21,293,3,108
53,DRO,6,21,208,3,109
54,DRO,6,21,83,3,110
